<?xml version="1.0" encoding="UTF-8" ?>
<configuration status = "WARN">
    <Appenders>
        <Console name = "Console" target = "SYSTEM_OUT">
            <PatternLayout pattern = "%d{HH:mm:ss} [%t] %-5level %logger{36} - %msg%n"/>
        </Console>
        <File name = "File" fileName = "logs/data.log">
            <PatternLayout pattern = "%d{dd MMM yyyy HH:mm:ss} - %msg%n"/>
        </File>
    </Appenders>

    <Loggers>
        <Root level = "error">
            <AppenderRef ref = "Console"/>
        </Root>
        <Logger name = "fileLogger" level = "TRACE" additivity = "FALSE">
            <AppenderRef ref = "File"/>
        </Logger>
        <Logger name = "trace" level = "TRACE" additivity = "FALSE">
            <AppenderRef ref = "Console"/>
        </Logger>
    </Loggers>
</configuration>